{"users": [
{
  "localId": "A72xIss9p1Pf30hilc0ieSvEnzM2",
  "email": "admin@trend4media.com",
  "emailVerified": false,
  "passwordHash": "9N6edls/u2WWuKKKP3xmaZd1zR463hgzAtscoP9+33YgKJz/wkkKi08oEcBvcCXFQNQ4hwrJ4kQJnrrbONTzRg==",
  "salt": "FKu27mj4Ek7RRw==",
  "createdAt": "1754087824905",
  "disabled": false,
  "providerUserInfo": []
},
{
  "localId": "eQllIOnX72Y6PLFOVx80VpqMyqp1",
  "email": "s.p@trend4media.de",
  "emailVerified": false,
  "passwordHash": "Vtf9YIlgX5FlcGMqN/Cy0fH5umG5mv1OGmu2c33s44/uORUuiXyJkHKzkFp5BxzZwAknqiqUYcGq27st1snAQA==",
  "salt": "9xhjKbFaBGR3kg==",
  "createdAt": "1754251906710",
  "disabled": false,
  "providerUserInfo": []
}]}