{
  "indexes": [
    {
      "collectionGroup": "transactions",
      "queryScope": "COLLECTION",
      "fields": [
        {
          "fieldPath": "managerId",
          "order": "ASCENDING"
        },
        {
          "fieldPath": "date",
          "order": "DESCENDING"
        }
      ]
    },
    {
      "collectionGroup": "transactions", 
      "queryScope": "COLLECTION",
      "fields": [
        {
          "fieldPath": "creatorId",
          "order": "ASCENDING"
        },
        {
          "fieldPath": "date",
          "order": "DESCENDING"
        }
      ]
    },
    {
      "collectionGroup": "bonuses",
      "queryScope": "COLLECTION", 
      "fields": [
        {
          "fieldPath": "managerId",
          "order": "ASCENDING"
        },
        {
          "fieldPath": "month",
          "order": "DESCENDING"
        }
      ]
    },
    {
      "collectionGroup": "audit-logs",
      "queryScope": "COLLECTION",
      "fields": [
        {
          "fieldPath": "timestamp",
          "order": "DESCENDING"
        },
        {
          "fieldPath": "userId",
          "order": "ASCENDING"
        }
      ]
    },
    {
      "collectionGroup": "messages",
      "queryScope": "COLLECTION",
      "fields": [
        {
          "fieldPath": "userHandle",
          "order": "ASCENDING"
        },
        {
          "fieldPath": "createdAt",
          "order": "DESCENDING"
        }
      ]
    },
    {
      "collectionGroup": "messages",
      "queryScope": "COLLECTION",
      "fields": [
        {
          "fieldPath": "userId",
          "order": "ASCENDING"
        },
        {
          "fieldPath": "createdAt",
          "order": "DESCENDING"
        }
      ]
    },
    {
      "collectionGroup": "messages",
      "queryScope": "COLLECTION",
      "fields": [
        {
          "fieldPath": "userId",
          "order": "ASCENDING"
        },
        {
          "fieldPath": "read",
          "order": "ASCENDING"
        }
      ]
    },
    {
      "collectionGroup": "payoutRequests",
      "queryScope": "COLLECTION",
      "fields": [
        { "fieldPath": "managerId", "order": "ASCENDING" },
        { "fieldPath": "period", "order": "DESCENDING" }
      ]
    },
    {
      "collectionGroup": "creatorMilestones",
      "queryScope": "COLLECTION",
      "fields": [
        { "fieldPath": "creatorId", "order": "ASCENDING" },
        { "fieldPath": "month", "order": "ASCENDING" }
      ]
    }
  ],
  "fieldOverrides": []
} 